source_id,source_name,manual_or_downloaded,title,author,pub_year,license_note,ocr_used,n_documents,true_tokenizer_tokens,raw_chars,cleaned_chars
manual_book_hindi_29399bb778,201 Prerak Neeti Kathayen  (Hindi).pdf,manual,unknown - verify,unknown - verify,unknown - verify,unknown - verify redistribution rights,1,234,93655,228527,228527
manual_txt_hindi_90a52c7eaa,326329839-Hindi-Book-Santon-Ki-Bani-Maharaj-Charan-Singh_djvu.txt,manual,unknown - verify,unknown - verify,unknown - verify,unknown - verify redistribution rights,0,672,214572,674737,674737
manual_txt_hindi_562f82ae26,328364423-Hindi-Book-Panchtantra-by-Shri-Vishnu-Sharma_djvu.txt,manual,unknown - verify,unknown - verify,unknown - verify,unknown - verify redistribution rights,0,447,119932,422158,422158
manual_txt_hindi_92435e259d,328364609-Hindi-Book-Jatak-Kathayen_djvu.txt,manual,unknown - verify,unknown - verify,unknown - verify,unknown - verify redistribution rights,0,129,33035,124348,124348
manual_txt_hindi_a9ab3fc00e,328367284-Hindi-Book-Hitopadesha.Text.Marked_djvu.txt,manual,unknown - verify,unknown - verify,unknown - verify,unknown - verify redistribution rights,0,126,33495,120004,120004
manual_txt_hindi_0fb67d3ffe,328367455-Hindi-Book-Manusmriti.Text.Marked_djvu.txt,manual,unknown - verify,unknown - verify,unknown - verify,unknown - verify redistribution rights,0,678,261019,766174,766174
manual_txt_hindi_d46276fcd6,328381427-Hindi-Book-Yogvasistha-Aur-Uska-Siddanth.Text.Marked_djvu.txt,manual,unknown - verify,unknown - verify,unknown - verify,unknown - verify redistribution rights,0,796,257285,850083,850083
manual_txt_hindi_5d4f45de3f,341827546-Hindi-Book-Tilasmo-Sa-Bhari-Srshthi-Aur-Uska-Avigyt-Rahasya-by-Shriram-Sharma-Acharya.Text.Marked_djvu.txt,manual,unknown - verify,unknown - verify,unknown - verify,unknown - verify redistribution rights,0,147,38412,149679,149679
manual_txt_hindi_22e1b4cffd,342047578-Hindi-Book-Vkshubdh-Mansthti-Avm-Prat-Yoni-by-Pt-Shriram-Sharma-Acharya.Text.Marked_djvu.txt,manual,unknown - verify,unknown - verify,unknown - verify,unknown - verify redistribution rights,0,144,40610,146032,146032
manual_txt_hindi_a21d22c0fc,342057905-Hindi-Book-Sansmaran-Jo-Bhulae-Na-Ja-Sakenge-by-Pt-Shriram-Sharma-Acharya.Text.Marked_djvu.txt,manual,unknown - verify,unknown - verify,unknown - verify,unknown - verify redistribution rights,0,208,52653,211130,211130
manual_txt_hindi_cb96fed80b,342058592-Hindi-Book-Preranaprad-Katha-Kathaen-by-Pt-Shriram-Sharma-Acharya.Text.Marked_djvu.txt,manual,unknown - verify,unknown - verify,unknown - verify,unknown - verify redistribution rights,0,241,60920,241403,241403
manual_txt_hindi_62a9bde359,342155838-Hindi-Book-Davi-Shakti-Ka-Anudan-Aur-Vardan-by-Pt-Shriram-Sharma-Acharya.Text.Marked_djvu.txt,manual,unknown - verify,unknown - verify,unknown - verify,unknown - verify redistribution rights,0,76,19225,76295,76295
manual_txt_hindi_0bbe8a5ee0,342160975-Hindi-Book-Utavli-Na-Kara-Uddgn-Na-Ho-by-Pt-Shriram-Sharma-Acharya.Text.Marked_djvu.txt,manual,unknown - verify,unknown - verify,unknown - verify,unknown - verify redistribution rights,0,40,12617,39799,39799
manual_txt_hindi_c643477597,342555790-Hindi-Book-Vichro-Ki-Apar-Aur-Adbhut-Shakti-by-Pt-Shriram-Sharma-Acharya.Text.Marked_djvu.txt,manual,unknown - verify,unknown - verify,unknown - verify,unknown - verify redistribution rights,0,264,89076,270316,270316
manual_txt_hindi_b0cfa31f1b,342556797-Hindi-Book-Na-Darya-Na-Ashant-Hujiya-by-Pt-Shriram-Sharma-Acharya.Text.Marked_djvu.txt,manual,unknown - verify,unknown - verify,unknown - verify,unknown - verify redistribution rights,0,2,545,800,800
manual_txt_hindi_132858b82d,342669828-Hindi-Book-Vichro-Ki-Srjnatmak-Shkti-by-Pt-Shriram-Sharma-Acharya.Text.Marked_djvu.txt,manual,unknown - verify,unknown - verify,unknown - verify,unknown - verify redistribution rights,0,58,15898,60841,60841
manual_txt_hindi_6796976ee6,342672830-Hindi-Book-Manviya-Shktmta-Aseem-Aprtyashit-by-Pt-Shriram-Sharma-Acharya.Text.Marked_djvu.txt,manual,unknown - verify,unknown - verify,unknown - verify,unknown - verify redistribution rights,0,157,41831,164992,164992
manual_txt_hindi_3761fec418,342683822-Hindi-Book-Chatna-Ki-Prachand-Kshamta-by-Pt-Shriram-Sharma-Acharya.Text.Marked_djvu.txt,manual,unknown - verify,unknown - verify,unknown - verify,unknown - verify redistribution rights,0,161,43755,171488,171488
manual_txt_hindi_0064df1112,342784424-Hindi-Book-Yog-Sadhna-Aur-Tapshrya-by-Pt-Shriram-Sharma-Acharya.Text.Marked_djvu.txt,manual,unknown - verify,unknown - verify,unknown - verify,unknown - verify redistribution rights,0,67,21495,67425,67425
manual_txt_hindi_336c7ea4fb,411078390-Shri-Guru-Nanak-Dev-Ji-Ka-Bjajan-in-Hindi_djvu.txt,manual,unknown - verify,unknown - verify,unknown - verify,unknown - verify redistribution rights,0,3,1006,3056,3056
manual_txt_hindi_2f64d96feb,Garud puran_djvu.txt,manual,unknown - verify,unknown - verify,unknown - verify,unknown - verify redistribution rights,0,231,99848,327750,327750
manual_book_hindi_4a31c61e6a,gaban.pdf,manual,Gaban,Munshi Premchand,1931,public domain (author d. 1936) - verify jurisdiction,1,517,149139,522328,522328
manual_book_hindi_a31073c86b,karmbhumi.pdf,manual,Karmabhoomi,Munshi Premchand,1932,public domain (author d. 1936) - verify jurisdiction,1,619,175414,624926,624926
manual_book_hindi_b3a3bdc7e5,nirmala.pdf,manual,Nirmala,Munshi Premchand,1925,public domain (author d. 1936) - verify jurisdiction,1,285,86645,298473,298473
manual_scrape_hindi_www_amarujala_com,https://www.amarujala.com,manual,Scraped articles: https://www.amarujala.com,various (news site),2026,unknown - verify redistribution rights before submission,0,8731,2294557,9954478,9954478
manual_scrape_hindi_www_jagran_com,https://www.jagran.com,manual,Scraped articles: https://www.jagran.com,various (news site),2026,unknown - verify redistribution rights before submission,0,6278,1390072,6160358,6160358
manual_scrape_hindi_www_bhaskar_com,https://www.bhaskar.com,manual,Scraped articles: https://www.bhaskar.com,various (news site),2026,unknown - verify redistribution rights before submission,0,7243,1330851,5564526,5564526
manual_scrape_hindi_navbharattimes_indiatimes_com,https://navbharattimes.indiatimes.com,manual,Scraped articles: https://navbharattimes.indiatimes.com,various (news site),2026,unknown - verify redistribution rights before submission,0,2319,562400,2470346,2470346
sangraha_hin,ai4bharat/sangraha,downloaded,Sangraha (verified split),AI4Bharat,2024,NOT VERIFIED HERE - check ai4bharat/sangraha dataset card and underlying source licenses before submission,0,1292199,673660474,2804570131,2774941038
